{"cameraMode":{"drawMode":0,"name":"Shaded","section":"Shading Mode"},"sceneLighting":false,"audioPlay":false,"sceneViewState":{"showFog":true,"showMaterialUpdate":false,"showSkybox":true,"showFlares":true,"showImageEffects":true,"showParticleSystems":true},"in2DMode":false,"pivot":{"x":-7.026784420013428,"y":4.586122035980225,"z":1.4073755741119385},"rotation":{"x":-0.1497165858745575,"y":0.019870132207870485,"z":-0.002998070092871785,"w":-0.9885428547859192},"size":11.768866539001465,"orthographic":false}